create database studenti
use studenti

create table sectii(cods smallint not null, denumires nvarchar(70) null, 
					constraint pksectii primary key (cods))

create table discipline(codd nvarchar(6) not null, denumired nvarchar(40) null, 
						constraint pkdiscipline primary key (codd))

create table planinv(cods smallint not null, codd nvarchar(6) not null, 
					constraint pkplaninv primary key (cods, codd))
alter table planinv add constraint fksectiiplaninv foreign key(cods) references sectii(cods)
alter table planinv add constraint fkdisciplineplaninv foreign key(codd) references discipline(codd)

create table studenti(cods smallint not null, nrmatricol nvarchar(10) not null,
					nume nvarchar(30) null, grupa nvarchar(10) null, datan datetime null, 
					constraint pkstudenti primary key (nrmatricol))
alter table studenti add constraint fksectiistudenti foreign key(cods) references sectii(cods)

create table rezultate(nrmatricol nvarchar(10) not null,
						disciplina nvarchar(6) not null,
						nota decimal(5, 2) not null)
alter table rezultate add constraint fkdisciplinerezultate foreign key(disciplina) references discipline(codd)
alter table rezultate add constraint fkstudentirezultate foreign key(nrmatricol) references studenti(nrmatricol)

insert into Sectii (cods, denumires) values (1, 'Matematica')
insert into Sectii (cods, denumires) values (2, 'Informatica')
insert into Sectii (cods, denumires) values (3, 'Matematica-Informatica')
insert into Sectii (cods, denumires) values (4, 'Matematica economica')
insert into Sectii (cods, denumires) values (5, 'Matematici aplicate')
insert into Sectii (cods, denumires) values (6, 'Tehnologie Informatica')
 
insert into discipline (codd, denumired) values ('MA001', 'Structuri algebrice de baza')
insert into discipline (codd, denumired) values ('MA002', 'Algebra liniara')
insert into discipline (codd, denumired) values ('MA003', 'Inele si corpuri')
insert into discipline (codd, denumired) values ('MA004', 'Teoria lui Galois si algebre universale')
insert into discipline (codd, denumired) values ('MA005', 'Logica si teoria multimilor')
insert into discipline (codd, denumired) values ('MG001', 'Curbe si suprafete')
insert into discipline (codd, denumired) values ('MG002', 'Geometrie afina')
insert into discipline (codd, denumired) values ('MG003', 'Geometria varietatilor diferentiabile')
insert into discipline (codd, denumired) values ('MG020', 'Geometrie analitica')
insert into discipline (codd, denumired) values ('MI001', 'Algoritmica')
insert into discipline (codd, denumired) values ('MI003', 'Arhitectura calculatoarelor')
insert into discipline (codd, denumired) values ('MI004', 'Sisteme de operare (1)')
insert into discipline (codd, denumired) values ('MI006', 'Baze de date (1)')
insert into discipline (codd, denumired) values ('MI011', 'Structuri de date')
insert into discipline (codd, denumired) values ('MI039', 'Bazele matematice ale calculatoarelor')
insert into discipline (codd, denumired) values ('MI074', 'Programare orientata obiect')
insert into discipline (codd, denumired) values ('MI081', 'Proiect individual')
insert into discipline (codd, denumired) values ('MI082', 'Proiect colectiv')
insert into discipline (codd, denumired) values ('MO001', 'Analiza matematica (1)')
insert into discipline (codd, denumired) values ('MO002', 'Analiza matematica (2)')
insert into discipline (codd, denumired) values ('MO020', 'Analiza matematica (1)')
insert into discipline (codd, denumired) values ('MO021', 'Analiza matematica (2)')
insert into discipline (codd, denumired) values ('MO030', 'Spatii metrice')
 
insert into planinv (cods, codd) values (1, 'MA001')
insert into planinv (cods, codd) values (1, 'MA002')
insert into planinv (cods, codd) values (1, 'MA005')
insert into planinv (cods, codd) values (1, 'MG001')
insert into planinv (cods, codd) values (1, 'MG020')
insert into planinv (cods, codd) values (1, 'MI001')
insert into planinv (cods, codd) values (1, 'MI074')
insert into planinv (cods, codd) values (1, 'MO001')
insert into planinv (cods, codd) values (1, 'MO002')
insert into planinv (cods, codd) values (1, 'MO030')
insert into planinv (cods, codd) values (2, 'MA001')
insert into planinv (cods, codd) values (2, 'MA002')
insert into planinv (cods, codd) values (2, 'MG003')
insert into planinv (cods, codd) values (2, 'MG020')
insert into planinv (cods, codd) values (2, 'MI001')
insert into planinv (cods, codd) values (2, 'MI003')
insert into planinv (cods, codd) values (2, 'MI004')
insert into planinv (cods, codd) values (2, 'MI006')
insert into planinv (cods, codd) values (2, 'MI011')
insert into planinv (cods, codd) values (2, 'MI039')
insert into planinv (cods, codd) values (2, 'MI074')
insert into planinv (cods, codd) values (2, 'MO020')
insert into planinv (cods, codd) values (2, 'MO021')
insert into planinv (cods, codd) values (3, 'MA001')
insert into planinv (cods, codd) values (3, 'MA004')
insert into planinv (cods, codd) values (3, 'MA005')
insert into planinv (cods, codd) values (3, 'MG001')
insert into planinv (cods, codd) values (3, 'MG020')
insert into planinv (cods, codd) values (3, 'MI001')
insert into planinv (cods, codd) values (3, 'MI003')
insert into planinv (cods, codd) values (3, 'MI004')
insert into planinv (cods, codd) values (3, 'MI006')
insert into planinv (cods, codd) values (3, 'MI011')
insert into planinv (cods, codd) values (3, 'MI074')
insert into planinv (cods, codd) values (3, 'MO001')
insert into planinv (cods, codd) values (3, 'MO002')
insert into planinv (cods, codd) values (3, 'MO030')
insert into planinv (cods, codd) values (4, 'MA001')
insert into planinv (cods, codd) values (4, 'MA002')
insert into planinv (cods, codd) values (4, 'MA005')
insert into planinv (cods, codd) values (4, 'MG001')
insert into planinv (cods, codd) values (4, 'MG020')
insert into planinv (cods, codd) values (4, 'MI001')
insert into planinv (cods, codd) values (4, 'MI011')
insert into planinv (cods, codd) values (4, 'MI074')
insert into planinv (cods, codd) values (4, 'MO001')
insert into planinv (cods, codd) values (4, 'MO002')
insert into planinv (cods, codd) values (4, 'MO030')
insert into planinv (cods, codd) values (5, 'MA001')
insert into planinv (cods, codd) values (5, 'MA002')
insert into planinv (cods, codd) values (5, 'MA005')
insert into planinv (cods, codd) values (5, 'MG002')
insert into planinv (cods, codd) values (5, 'MG020')
insert into planinv (cods, codd) values (5, 'MI001')
insert into planinv (cods, codd) values (5, 'MI074')
insert into planinv (cods, codd) values (5, 'MO001')
insert into planinv (cods, codd) values (5, 'MO002')
insert into planinv (cods, codd) values (5, 'MO030')
insert into planinv (cods, codd) values (6, 'MA001')
insert into planinv (cods, codd) values (6, 'MG020')
insert into planinv (cods, codd) values (6, 'MI001')
insert into planinv (cods, codd) values (6, 'MI006')
insert into planinv (cods, codd) values (6, 'MI011')
insert into planinv (cods, codd) values (6, 'MI039')
insert into planinv (cods, codd) values (6, 'MI074')
insert into planinv (cods, codd) values (6, 'MO020')
insert into planinv (cods, codd) values (6, 'MO021')
 
insert into studenti (cods, nrmatricol, nume, grupa, datan) values (4, '110', 'Lupu Teodor Grigore', '132', convert(datetime, '01/01/2001', 101))
insert into studenti (cods, nrmatricol, nume, grupa, datan) values (4, '120', 'Maguran Florin-Ciprian', '132', convert(datetime, '02/01/2006', 101))
insert into studenti (cods, nrmatricol, nume, grupa, datan) values (4, '140', 'Milasan Cristian Dorel', '132', convert(datetime, '02/05/2003', 101))
insert into studenti (cods, nrmatricol, nume, grupa, datan) values (6, '146', 'Chis Radu Ioab', '821', convert(datetime, '02/03/1989', 101))
insert into studenti (cods, nrmatricol, nume, grupa, datan) values (4, '150', 'Nagy Alina Ioana', '122', convert(datetime, '12/02/1990', 101))
insert into studenti (cods, nrmatricol, nume, grupa, datan) values (6, '152', 'Hodis  George-Raul', '821', null)
insert into studenti (cods, nrmatricol, nume, grupa, datan) values (4, '154', 'Farcas Vasile-Sebastian', '342', null)
insert into studenti (cods, nrmatricol, nume, grupa, datan) values (6, '158', 'Varro  Eniko-Csilla', '821', null)
insert into studenti (cods, nrmatricol, nume, grupa, datan) values (4, '170', 'Ardelean Raluca Dana', '342', null)
insert into studenti (cods, nrmatricol, nume, grupa, datan) values (4, '172', 'Baciu Ioana', '342', null)
insert into studenti (cods, nrmatricol, nume, grupa, datan) values (3, '175', 'Banc Ioana Maria', '341', null)
insert into studenti (cods, nrmatricol, nume, grupa, datan) values (4, '176', 'Tise Ioana', '132', null)
insert into studenti (cods, nrmatricol, nume, grupa, datan) values (4, '178', 'Berci Mona-Raluca', '342', null)
insert into studenti (cods, nrmatricol, nume, grupa, datan) values (3, '179', 'Berinde Madalina', '341', null)
insert into studenti (cods, nrmatricol, nume, grupa, datan) values (4, '180', 'Semenescu Dan Lucian', '132', null)
insert into studenti (cods, nrmatricol, nume, grupa, datan) values (4, '182', 'Cobarzan Alin Cosmin', '342', null)
insert into studenti (cods, nrmatricol, nume, grupa, datan) values (3, '183', 'Codarcea Petru-Constantin', '341', null)
insert into studenti (cods, nrmatricol, nume, grupa, datan) values (4, '186', 'Cindrea Ioana-Raluca', '342', null)
insert into studenti (cods, nrmatricol, nume, grupa, datan) values (6, '187', 'Barbu  Sergiu-Florian', '811', null)
insert into studenti (cods, nrmatricol, nume, grupa, datan) values (6, '188', 'Calauz  Sergiu-Mihai', '821', null)
insert into studenti (cods, nrmatricol, nume, grupa, datan) values (6, '190', 'Felvinti  Alexandru', '821', null)
insert into studenti (cods, nrmatricol, nume, grupa, datan) values (6, '191', 'Filip  Gabriela-Ramona', '821', null)
insert into studenti (cods, nrmatricol, nume, grupa, datan) values (6, '193', 'Korosi-Gorea  Krisztina', '821', null)
insert into studenti (cods, nrmatricol, nume, grupa, datan) values (6, '194', 'Lupu  Tudor-Victor', '821', null)
insert into studenti (cods, nrmatricol, nume, grupa, datan) values (6, '195', 'Mesaros  Florin', '821', null)
insert into studenti (cods, nrmatricol, nume, grupa, datan) values (6, '197', 'Socaciu  Cosmin', '821', null)
insert into studenti (cods, nrmatricol, nume, grupa, datan) values (3, '199', 'Goia Simona Oana', '341', null)
insert into studenti (cods, nrmatricol, nume, grupa, datan) values (4, '200', 'Bordeianu Roxana Maria', '132', null)
insert into studenti (cods, nrmatricol, nume, grupa, datan) values (3, '205', 'Iacob Marian Dan', '341', null)
insert into studenti (cods, nrmatricol, nume, grupa, datan) values (4, '211', 'Butnaru Anca Cristina', '132', null)
insert into studenti (cods, nrmatricol, nume, grupa, datan) values (3, '213', 'Mates Gheorghe', '341', null)
insert into studenti (cods, nrmatricol, nume, grupa, datan) values (4, '217', 'Mihalache Mihail Bogdan', '342', null)
insert into studenti (cods, nrmatricol, nume, grupa, datan) values (3, '218', 'Mihasca Mara Gabriela', '323', null)
insert into studenti (cods, nrmatricol, nume, grupa, datan) values (4, '22', 'Bindas  Laurean-Flaviu', '122', null)
insert into studenti (cods, nrmatricol, nume, grupa, datan) values (3, '222', 'Moldovan Florin', '341', null)
insert into studenti (cods, nrmatricol, nume, grupa, datan) values (4, '225', 'Murgasanu Madalina Margareta', '342', null)
insert into studenti (cods, nrmatricol, nume, grupa, datan) values (3, '226', 'Napau Adriana', '341', null)
insert into studenti (cods, nrmatricol, nume, grupa, datan) values (4, '228', 'Niculescu Ioana', '342', null)
insert into studenti (cods, nrmatricol, nume, grupa, datan) values (4, '230', 'Ciceo  Petru-Gabriel', '122', null)
insert into studenti (cods, nrmatricol, nume, grupa, datan) values (3, '231', 'Oros Georgia Irina', '341', null)
insert into studenti (cods, nrmatricol, nume, grupa, datan) values (3, '233', 'Barbus Sergiu Dan Petru', '341', null)
insert into studenti (cods, nrmatricol, nume, grupa, datan) values (3, '235', 'Pintea Anca-Sorina', '341', null)
insert into studenti (cods, nrmatricol, nume, grupa, datan) values (3, '240', 'Pop Ionela-Florina', '341', null)
insert into studenti (cods, nrmatricol, nume, grupa, datan) values (3, '242', 'Popovici Flavia Mihaela', '341', null)
insert into studenti (cods, nrmatricol, nume, grupa, datan) values (3, '245', 'Prunean Florin', '333', null)
insert into studenti (cods, nrmatricol, nume, grupa, datan) values (4, '249', 'Rusu Andreea Lucia', '342', null)
insert into studenti (cods, nrmatricol, nume, grupa, datan) values (4, '250', 'Ciorceri  Petru-Sorin', '122', null)
insert into studenti (cods, nrmatricol, nume, grupa, datan) values (3, '254', 'Sava Gabriela Corina', '341', null)
insert into studenti (cods, nrmatricol, nume, grupa, datan) values (3, '256', 'Silaghi Mihaela', '331', null)
insert into studenti (cods, nrmatricol, nume, grupa, datan) values (3, '26', 'Litan Cristian-Marius', '341', null)
insert into studenti (cods, nrmatricol, nume, grupa, datan) values (3, '260', 'Stan Ioana Maria', '341', null)
insert into studenti (cods, nrmatricol, nume, grupa, datan) values (3, '262', 'Szelmenczi Carmen Daniela', '341', null)
insert into studenti (cods, nrmatricol, nume, grupa, datan) values (3, '263', 'Sztraka Melinda-Emilia', '341', null)
insert into studenti (cods, nrmatricol, nume, grupa, datan) values (4, '264', 'Rad Mihaela', '342', null)
insert into studenti (cods, nrmatricol, nume, grupa, datan) values (3, '265', 'Tautan Mircea', '323', null)
insert into studenti (cods, nrmatricol, nume, grupa, datan) values (3, '268', 'Trifan Florina Rodica', '341', null)
insert into studenti (cods, nrmatricol, nume, grupa, datan) values (4, '270', 'Dragus  Rares', '122', null)
insert into studenti (cods, nrmatricol, nume, grupa, datan) values (3, '273', 'Zimbru Ioana Diana', '341', null)
insert into studenti (cods, nrmatricol, nume, grupa, datan) values (4, '280', 'Drule  Cristian-Aurelian', '122', null)
insert into studenti (cods, nrmatricol, nume, grupa, datan) values (4, '290', 'Gabudean  Calin-Marcel', '122', null)
insert into studenti (cods, nrmatricol, nume, grupa, datan) values (4, '301', 'Boriceanu Monica-Felicia', '132', null)
insert into studenti (cods, nrmatricol, nume, grupa, datan) values (4, '303', 'Husar  Cosmin', '122', null)
insert into studenti (cods, nrmatricol, nume, grupa, datan) values (4, '304', 'Maries  Alina-Voichita', '122', null)
insert into studenti (cods, nrmatricol, nume, grupa, datan) values (3, '309', 'Ardelean Paula-Cristina', '331', null)
insert into studenti (cods, nrmatricol, nume, grupa, datan) values (3, '310', 'Avornicesei Simona', '322', null)
insert into studenti (cods, nrmatricol, nume, grupa, datan) values (3, '314', 'Biris Adrian Tudor', '331', null)
insert into studenti (cods, nrmatricol, nume, grupa, datan) values (3, '315', 'Birlutiu Adriana', '331', null)
insert into studenti (cods, nrmatricol, nume, grupa, datan) values (3, '316', 'Blaga Alex Mircea', '331', null)
insert into studenti (cods, nrmatricol, nume, grupa, datan) values (4, '320', 'Mititelu  Theodor-Ionel', '122', null)
insert into studenti (cods, nrmatricol, nume, grupa, datan) values (3, '322', 'Ciornei Mihai-Bogdan', '331', null)
insert into studenti (cods, nrmatricol, nume, grupa, datan) values (3, '323', 'Crisan Ovidiu-Marian', '331', null)
insert into studenti (cods, nrmatricol, nume, grupa, datan) values (3, '329', 'Dragan Laura-Catalina', '331', null)
insert into studenti (cods, nrmatricol, nume, grupa, datan) values (4, '33', 'Popa  Cristina-Andrea', '122', null)
insert into studenti (cods, nrmatricol, nume, grupa, datan) values (3, '334', 'Gligor Ioan Bogdan', '322', null)
insert into studenti (cods, nrmatricol, nume, grupa, datan) values (4, '337', 'Telespan  Claudiu', '122', null)
insert into studenti (cods, nrmatricol, nume, grupa, datan) values (3, '340', 'Ionac Ioana', '331', null)
insert into studenti (cods, nrmatricol, nume, grupa, datan) values (3, '341', 'Istrate Ionela-Ramona', '332', null)
insert into studenti (cods, nrmatricol, nume, grupa, datan) values (3, '342', 'Jolta Ligia-Maria', '332', null)
insert into studenti (cods, nrmatricol, nume, grupa, datan) values (3, '343', 'Jors Raluca Diana', '331', null)
insert into studenti (cods, nrmatricol, nume, grupa, datan) values (4, '348', 'Ver  Ildiko-Franciska', '122', null)
insert into studenti (cods, nrmatricol, nume, grupa, datan) values (3, '351', 'Moale Ionela-Dana', '331', null)
insert into studenti (cods, nrmatricol, nume, grupa, datan) values (3, '352', 'Mone Catalin', '331', null)
insert into studenti (cods, nrmatricol, nume, grupa, datan) values (3, '358', 'Nechita Delia-Maria', '331', null)
insert into studenti (cods, nrmatricol, nume, grupa, datan) values (3, '359', 'Nistor Alina-Andreea', '331', null)
insert into studenti (cods, nrmatricol, nume, grupa, datan) values (3, '362', 'Pacurar Daniela Cristina', '323', null)
insert into studenti (cods, nrmatricol, nume, grupa, datan) values (3, '364', 'Pepelea Andreea', '332', null)
insert into studenti (cods, nrmatricol, nume, grupa, datan) values (3, '366', 'Petrasca Flavius Alin', '332', null)
insert into studenti (cods, nrmatricol, nume, grupa, datan) values (4, '373', 'Trifan  Eleonora', '132', null)
insert into studenti (cods, nrmatricol, nume, grupa, datan) values (3, '380', 'Vaida Florina Ioana', '333', null)
insert into studenti (cods, nrmatricol, nume, grupa, datan) values (3, '386', 'Creminea Florin Silviu', '323', null)
insert into studenti (cods, nrmatricol, nume, grupa, datan) values (3, '387', 'Damian Alexandra', '332', null)
insert into studenti (cods, nrmatricol, nume, grupa, datan) values (3, '388', 'Demian Ligia Simona', '323', null)
insert into studenti (cods, nrmatricol, nume, grupa, datan) values (4, '389', 'Stoica  Adrian-Florin', '122', null)
insert into studenti (cods, nrmatricol, nume, grupa, datan) values (3, '390', 'Fofeldea Ionela-Cornelia', '332', null)
insert into studenti (cods, nrmatricol, nume, grupa, datan) values (4, '391', 'Cretiu Rodica', '122', null)
insert into studenti (cods, nrmatricol, nume, grupa, datan) values (3, '397', 'Manta Corina Livia', '323', null)
insert into studenti (cods, nrmatricol, nume, grupa, datan) values (4, '402', 'Bujor Alexandra Melania', '132', null)
insert into studenti (cods, nrmatricol, nume, grupa, datan) values (3, '408', 'Stegarescu Mihail', '331', null)
insert into studenti (cods, nrmatricol, nume, grupa, datan) values (5, '41', 'Bot Alexandru-Vasile', '112', null)
insert into studenti (cods, nrmatricol, nume, grupa, datan) values (5, '42', 'Buruian Ana-Maria', '112', null)
insert into studenti (cods, nrmatricol, nume, grupa, datan) values (3, '425', 'Babos  Andreea', '311', null)
insert into studenti (cods, nrmatricol, nume, grupa, datan) values (3, '426', 'Bagut  Mihaela-Cristina', '322', null)
insert into studenti (cods, nrmatricol, nume, grupa, datan) values (3, '427', 'Balea  Irina-Ramona', '321', null)
insert into studenti (cods, nrmatricol, nume, grupa, datan) values (5, '43', 'Chis Loredana', '112', null)
insert into studenti (cods, nrmatricol, nume, grupa, datan) values (3, '434', 'Cantor  Mihaiela-Alina', '323', null)
insert into studenti (cods, nrmatricol, nume, grupa, datan) values (3, '436', 'Coconet  Tiberiu', '321', null)
insert into studenti (cods, nrmatricol, nume, grupa, datan) values (3, '437', 'Contiu  Carolina', '321', null)
insert into studenti (cods, nrmatricol, nume, grupa, datan) values (3, '439', 'Dan  Angela-Gianina', '321', null)
insert into studenti (cods, nrmatricol, nume, grupa, datan) values (3, '442', 'Dinistrianu  Ioana-Laura', '322', null)
insert into studenti (cods, nrmatricol, nume, grupa, datan) values (3, '445', 'Elcean  Mihai', '321', null)
insert into studenti (cods, nrmatricol, nume, grupa, datan) values (3, '447', 'Fiscu  Aurelian-Calin', '322', null)
insert into studenti (cods, nrmatricol, nume, grupa, datan) values (3, '449', 'Gigica  Andreea', '322', null)
insert into studenti (cods, nrmatricol, nume, grupa, datan) values (3, '455', 'Mantu  Iulia', '321', null)
insert into studenti (cods, nrmatricol, nume, grupa, datan) values (3, '459', 'Moldovan  Alina', '321', null)
insert into studenti (cods, nrmatricol, nume, grupa, datan) values (3, '461', 'Nastasa  Bogdan-Ioan', '322', null)
insert into studenti (cods, nrmatricol, nume, grupa, datan) values (3, '463', 'Nicoara  Monica', '322', null)
insert into studenti (cods, nrmatricol, nume, grupa, datan) values (3, '464', 'Opris  Simona-Rodica', '323', null)
insert into studenti (cods, nrmatricol, nume, grupa, datan) values (3, '466', 'Peres  Roland', '322', null)
insert into studenti (cods, nrmatricol, nume, grupa, datan) values (3, '475', 'Popa  Rares', '323', null)
insert into studenti (cods, nrmatricol, nume, grupa, datan) values (3, '476', 'Popan  Mihaela-Flavia', '323', null)
insert into studenti (cods, nrmatricol, nume, grupa, datan) values (3, '477', 'Puscas  Ioana', '322', null)
insert into studenti (cods, nrmatricol, nume, grupa, datan) values (3, '478', 'Revnic  Roxana-Elena', '321', null)
insert into studenti (cods, nrmatricol, nume, grupa, datan) values (3, '480', 'Salajan  Adrian-Petru', '321', null)
insert into studenti (cods, nrmatricol, nume, grupa, datan) values (3, '482', 'Sover  Radu', '322', null)
insert into studenti (cods, nrmatricol, nume, grupa, datan) values (3, '483', 'Tatu  Andrei', '323', null)
insert into studenti (cods, nrmatricol, nume, grupa, datan) values (3, '484', 'Todoran  Mihaela-Ioana', '321', null)
insert into studenti (cods, nrmatricol, nume, grupa, datan) values (3, '486', 'Urs  Ana-Raluca', '321', null)
insert into studenti (cods, nrmatricol, nume, grupa, datan) values (3, '487', 'Vancea-Baraian  Bogdan', '322', null)
insert into studenti (cods, nrmatricol, nume, grupa, datan) values (3, '488', 'Varga  Catalin-Cosmin', '322', null)
insert into studenti (cods, nrmatricol, nume, grupa, datan) values (3, '491', 'Boia  Marius-Florin', '313', null)
insert into studenti (cods, nrmatricol, nume, grupa, datan) values (3, '492', 'Barna Ovidiu Avram', '331', null)
insert into studenti (cods, nrmatricol, nume, grupa, datan) values (3, '493', 'Dina-Herman  Simona', '323', null)
insert into studenti (cods, nrmatricol, nume, grupa, datan) values (3, '504', 'Pop  Anca-Ramona', '313', null)
insert into studenti (cods, nrmatricol, nume, grupa, datan) values (3, '505', 'Pop  Ioana-Maria', '313', null)
insert into studenti (cods, nrmatricol, nume, grupa, datan) values (3, '507', 'Szaba  Iulia', '313', null)
insert into studenti (cods, nrmatricol, nume, grupa, datan) values (3, '508', 'Todea  Ramona-Elena', '323', null)
insert into studenti (cods, nrmatricol, nume, grupa, datan) values (3, '510', 'Zmolea  Teodora-Mihaela', '323', null)
insert into studenti (cods, nrmatricol, nume, grupa, datan) values (3, '512', 'Timofte  Vlad-Adrian', '323', null)
insert into studenti (cods, nrmatricol, nume, grupa, datan) values (3, '518', 'Urian Camelia-Maria', '331', null)
insert into studenti (cods, nrmatricol, nume, grupa, datan) values (3, '519', 'Chirila Sebastian-Beniamin', '331', null)
insert into studenti (cods, nrmatricol, nume, grupa, datan) values (5, '52', 'Rus Vasilica-Florina', '112', null)
insert into studenti (cods, nrmatricol, nume, grupa, datan) values (3, '520', 'Tomoiaga Vasile', '331', null)
insert into studenti (cods, nrmatricol, nume, grupa, datan) values (3, '525', 'Anghelcev  Daniel', '322', null)
insert into studenti (cods, nrmatricol, nume, grupa, datan) values (3, '526', 'Vasiu  Ionut-Gabriel', '322', null)
insert into studenti (cods, nrmatricol, nume, grupa, datan) values (5, '530', 'Timoce Floare-Aurica', '112', null)
insert into studenti (cods, nrmatricol, nume, grupa, datan) values (5, '540', 'Tomos Roxana-Gabriela', '112', null)
insert into studenti (cods, nrmatricol, nume, grupa, datan) values (3, '544', 'Barlea Liana-Mihaela', '311', null)
insert into studenti (cods, nrmatricol, nume, grupa, datan) values (3, '546', 'Bodea  Mona-Liana-Gianina', '312', null)
insert into studenti (cods, nrmatricol, nume, grupa, datan) values (5, '55', 'Tonchievici Dan-Florentin', '112', null)
insert into studenti (cods, nrmatricol, nume, grupa, datan) values (3, '555', 'Cindea Oana-Maria', '312', null)
insert into studenti (cods, nrmatricol, nume, grupa, datan) values (3, '556', 'Ciufudean Nicolae-Florin', '311', null)
insert into studenti (cods, nrmatricol, nume, grupa, datan) values (3, '557', 'Coman Georgeta-Adriana', '311', null)
insert into studenti (cods, nrmatricol, nume, grupa, datan) values (3, '558', 'Crisan Oana-Cristina', '312', null)
insert into studenti (cods, nrmatricol, nume, grupa, datan) values (3, '559', 'Cristurean Emil-Adrian', '312', null)
insert into studenti (cods, nrmatricol, nume, grupa, datan) values (5, '56', 'Tripon Carmen-Daniela', '112', null)
insert into studenti (cods, nrmatricol, nume, grupa, datan) values (3, '560', 'Cutui Mihaela', '312', null)
insert into studenti (cods, nrmatricol, nume, grupa, datan) values (3, '561', 'Dan Rodica-Maria', '312', null)
insert into studenti (cods, nrmatricol, nume, grupa, datan) values (3, '562', 'Danila Nicolae', '312', null)
insert into studenti (cods, nrmatricol, nume, grupa, datan) values (3, '564', 'Dragan Iulia-Carmen', '312', null)
insert into studenti (cods, nrmatricol, nume, grupa, datan) values (3, '565', 'Florea Ioana-Maria', '311', null)
insert into studenti (cods, nrmatricol, nume, grupa, datan) values (3, '566', 'Gurzau Paula-Alexandra', '312', null)
insert into studenti (cods, nrmatricol, nume, grupa, datan) values (3, '568', 'Hasca Emil-Georgel', '312', null)
insert into studenti (cods, nrmatricol, nume, grupa, datan) values (3, '569', 'Horgos Liviu-Calin', '312', null)
insert into studenti (cods, nrmatricol, nume, grupa, datan) values (5, '57', 'Ureche Luminita-Ioana', '112', null)
insert into studenti (cods, nrmatricol, nume, grupa, datan) values (3, '570', 'Huplea Adriana', '312', null)
insert into studenti (cods, nrmatricol, nume, grupa, datan) values (3, '572', 'Iancu Anca-Alina', '312', null)
insert into studenti (cods, nrmatricol, nume, grupa, datan) values (3, '574', 'Iura Adrian', '312', null)
insert into studenti (cods, nrmatricol, nume, grupa, datan) values (3, '575', 'Lucaciu Iulia', '311', null)
insert into studenti (cods, nrmatricol, nume, grupa, datan) values (3, '577', 'Manolache Sergiu', '312', null)
insert into studenti (cods, nrmatricol, nume, grupa, datan) values (3, '578', 'Maxim Valeriu-Cristian', '312', null)
insert into studenti (cods, nrmatricol, nume, grupa, datan) values (3, '579', 'Mihalce Livia-Florina', '311', null)
insert into studenti (cods, nrmatricol, nume, grupa, datan) values (3, '580', 'Moldovan Elena', '313', null)
insert into studenti (cods, nrmatricol, nume, grupa, datan) values (3, '581', 'Moldovan Ioan-Emilian', '313', null)
insert into studenti (cods, nrmatricol, nume, grupa, datan) values (3, '582', 'Morar Andreea-Aurelia', '311', null)
insert into studenti (cods, nrmatricol, nume, grupa, datan) values (3, '583', 'Movila Roxana', '311', null)
insert into studenti (cods, nrmatricol, nume, grupa, datan) values (3, '585', 'Muresan Ioana', '313', null)
insert into studenti (cods, nrmatricol, nume, grupa, datan) values (3, '586', 'Muresianu Marius', '311', null)
insert into studenti (cods, nrmatricol, nume, grupa, datan) values (3, '587', 'Nap Ioana-Silvana', '311', null)
insert into studenti (cods, nrmatricol, nume, grupa, datan) values (3, '589', 'Ognean Roxana-Olga', '313', null)
insert into studenti (cods, nrmatricol, nume, grupa, datan) values (3, '590', 'Petrescu Bogdan', '311', null)
insert into studenti (cods, nrmatricol, nume, grupa, datan) values (3, '591', 'Petri Cosmina-Adriana', '311', null)
insert into studenti (cods, nrmatricol, nume, grupa, datan) values (3, '592', 'Petricele Darius-Mihai', '313', null)
insert into studenti (cods, nrmatricol, nume, grupa, datan) values (3, '593', 'Petricele Marius-Gavrila', '313', null)
insert into studenti (cods, nrmatricol, nume, grupa, datan) values (3, '594', 'Petrovici Daniela', '311', null)
insert into studenti (cods, nrmatricol, nume, grupa, datan) values (3, '597', 'Prodan Mihaela Ioana', '313', null)
insert into studenti (cods, nrmatricol, nume, grupa, datan) values (3, '598', 'Pupeza Anca-Cristina', '311', null)
insert into studenti (cods, nrmatricol, nume, grupa, datan) values (4, '60', 'Catana Manuela Maria', '132', null)
insert into studenti (cods, nrmatricol, nume, grupa, datan) values (3, '600', 'Rat Razvan-Legian', '313', null)
insert into studenti (cods, nrmatricol, nume, grupa, datan) values (3, '601', 'Rogojan Loredana', '313', null)
insert into studenti (cods, nrmatricol, nume, grupa, datan) values (3, '604', 'Seiche Voicu-Bogdan', '313', null)
insert into studenti (cods, nrmatricol, nume, grupa, datan) values (3, '605', 'Serban Ioana-Maria', '313', null)
insert into studenti (cods, nrmatricol, nume, grupa, datan) values (3, '607', 'Termure Izabela', '313', null)
insert into studenti (cods, nrmatricol, nume, grupa, datan) values (3, '608', 'Timis Anca', '313', null)
insert into studenti (cods, nrmatricol, nume, grupa, datan) values (3, '609', 'Timofie Ioana-Monica', '311', null)
insert into studenti (cods, nrmatricol, nume, grupa, datan) values (3, '610', 'Ului Elena-Maria', '311', null)
insert into studenti (cods, nrmatricol, nume, grupa, datan) values (3, '611', 'Ursan Nicoleta', '313', null)
insert into studenti (cods, nrmatricol, nume, grupa, datan) values (3, '615', 'Vatca Laurentiu-Daniel', '313', null)
insert into studenti (cods, nrmatricol, nume, grupa, datan) values (3, '616', 'Vladica Andi', '311', null)
insert into studenti (cods, nrmatricol, nume, grupa, datan) values (3, '617', 'Craciun Mircea', '321', null)
insert into studenti (cods, nrmatricol, nume, grupa, datan) values (3, '620', 'Stan  Maria-Claudia', '322', null)
insert into studenti (cods, nrmatricol, nume, grupa, datan) values (4, '7011', 'Chiuzan Codruta-Carmela', '132', null)
insert into studenti (cods, nrmatricol, nume, grupa, datan) values (2, '7019', 'Damian Mircea', '224', null)
insert into studenti (cods, nrmatricol, nume, grupa, datan) values (2, '7230', 'Cioca Nicolae Valentin', '243', null)
insert into studenti (cods, nrmatricol, nume, grupa, datan) values (2, '7255', 'Iurcu Florin-Daniel', '231', null)
insert into studenti (cods, nrmatricol, nume, grupa, datan) values (1, '7587', 'Huluban Ovidiu', '141', null)
insert into studenti (cods, nrmatricol, nume, grupa, datan) values (2, '7674', 'Guzic Bogdan-Ovidiu', '231', null)
insert into studenti (cods, nrmatricol, nume, grupa, datan) values (2, '7892', 'Damian Cristina Ioana', '233', null)
insert into studenti (cods, nrmatricol, nume, grupa, datan) values (3, '7901', 'Ciocan Natalia Elena', '341', null)
insert into studenti (cods, nrmatricol, nume, grupa, datan) values (2, '7908', 'Ilovan Cristian Marian', '232', null)
insert into studenti (cods, nrmatricol, nume, grupa, datan) values (2, '7918', 'Manzat Bucur Adrian', '231', null)
insert into studenti (cods, nrmatricol, nume, grupa, datan) values (2, '7937', 'Petrea Maria', '243', null)
insert into studenti (cods, nrmatricol, nume, grupa, datan) values (2, '7944', 'Pop Laura Liliana', '233', convert(datetime, '10/21/1977', 101))
insert into studenti (cods, nrmatricol, nume, grupa, datan) values (1, '8043', 'Pop Daniela Ioana', '141', null)
insert into studenti (cods, nrmatricol, nume, grupa, datan) values (1, '8070', 'Ulici Amalia Laura', '141', null)
insert into studenti (cods, nrmatricol, nume, grupa, datan) values (2, '8072', 'Bucsa Iuliu Catalin', '225', null)
insert into studenti (cods, nrmatricol, nume, grupa, datan) values (1, '8074', 'Vilceanu Veronica Aureli', '141', null)
insert into studenti (cods, nrmatricol, nume, grupa, datan) values (2, '8262', 'Bleza Ovidiu Octavian', '243', null)
insert into studenti (cods, nrmatricol, nume, grupa, datan) values (2, '8296', 'Ionascu Adela', '233', null)
insert into studenti (cods, nrmatricol, nume, grupa, datan) values (2, '8340', 'Putura Claudiu-Marian', '225', null)
insert into studenti (cods, nrmatricol, nume, grupa, datan) values (2, '8342', 'Racz Kinga Eva', '233', null)
insert into studenti (cods, nrmatricol, nume, grupa, datan) values (2, '8348', 'Soimusan Marius Ioan', '242', null)
insert into studenti (cods, nrmatricol, nume, grupa, datan) values (2, '8355', 'Tegla Voicu Ciprian', '243', null)
insert into studenti (cods, nrmatricol, nume, grupa, datan) values (1, '8471', 'Calauz Anton-Andrei', '141', null)
insert into studenti (cods, nrmatricol, nume, grupa, datan) values (1, '8481', 'Alexandru Ionel', '141', null)
insert into studenti (cods, nrmatricol, nume, grupa, datan) values (1, '8482', 'Andras Marinela', '141', null)
insert into studenti (cods, nrmatricol, nume, grupa, datan) values (1, '8486', 'Bologan Violeta Ana', '141', null)
insert into studenti (cods, nrmatricol, nume, grupa, datan) values (1, '8490', 'Catana-Ratiu Mihai', '121', null)
insert into studenti (cods, nrmatricol, nume, grupa, datan) values (1, '8491', 'Circu Cristian', '141', null)
insert into studenti (cods, nrmatricol, nume, grupa, datan) values (1, '8502', 'Laza Oana Andreea', '121', null)
insert into studenti (cods, nrmatricol, nume, grupa, datan) values (1, '8504', 'Marian Anca Catalina', '141', null)
insert into studenti (cods, nrmatricol, nume, grupa, datan) values (5, '8505', 'Matei Diana', '141', null)
insert into studenti (cods, nrmatricol, nume, grupa, datan) values (1, '8507', 'Mocan Ionela', '141', null)
insert into studenti (cods, nrmatricol, nume, grupa, datan) values (1, '8509', 'Nan Stanca Raluca', '141', null)
insert into studenti (cods, nrmatricol, nume, grupa, datan) values (1, '8512', 'Oprea Anca-Nicoleta', '141', null)
insert into studenti (cods, nrmatricol, nume, grupa, datan) values (1, '8515', 'Rafa Loredana Claudia', '141', null)
insert into studenti (cods, nrmatricol, nume, grupa, datan) values (1, '8521', 'Sitaru Anca Delia', '141', null)
insert into studenti (cods, nrmatricol, nume, grupa, datan) values (1, '8522', 'Socolan Rodica-Ioana', '141', null)
insert into studenti (cods, nrmatricol, nume, grupa, datan) values (1, '8525', 'Todea Constantin-Cosmin', '141', null)
insert into studenti (cods, nrmatricol, nume, grupa, datan) values (1, '8526', 'Tot Iulia', '141', null)
insert into studenti (cods, nrmatricol, nume, grupa, datan) values (1, '8527', 'Trif Virgil Vasile', '141', null)
insert into studenti (cods, nrmatricol, nume, grupa, datan) values (2, '8533', 'Andro Radu-Cristian', '242', null)
insert into studenti (cods, nrmatricol, nume, grupa, datan) values (2, '8535', 'Arcalean Iuliu Cristian', '242', null)
insert into studenti (cods, nrmatricol, nume, grupa, datan) values (2, '8537', 'Balint Gabriel Alexandru', '242', null)
insert into studenti (cods, nrmatricol, nume, grupa, datan) values (2, '8555', 'Cucu Marius Laurentiu', '243', null)
insert into studenti (cods, nrmatricol, nume, grupa, datan) values (2, '8560', 'Fanea Andreea', '243', null)
insert into studenti (cods, nrmatricol, nume, grupa, datan) values (2, '8561', 'Farcas Vasile Ovidiu', '243', null)
insert into studenti (cods, nrmatricol, nume, grupa, datan) values (2, '8562', 'Gavrea Bogdan-Ionut', '225', null)
insert into studenti (cods, nrmatricol, nume, grupa, datan) values (2, '8569', 'Habalau Ciprian Toader', '235', null)
insert into studenti (cods, nrmatricol, nume, grupa, datan) values (2, '8581', 'Libotean Adrian', '242', null)
insert into studenti (cods, nrmatricol, nume, grupa, datan) values (2, '8583', 'Lucaci Dan-Ioan', '232', null)
insert into studenti (cods, nrmatricol, nume, grupa, datan) values (1, '8646', 'Arhire Paula Mariana', '131', null)
insert into studenti (cods, nrmatricol, nume, grupa, datan) values (1, '8650', 'Burnar Ileana', '131', null)
insert into studenti (cods, nrmatricol, nume, grupa, datan) values (5, '8651', 'Buteanu Maria', '121', null)
insert into studenti (cods, nrmatricol, nume, grupa, datan) values (5, '8654', 'Chis Voicu', '131', null)
insert into studenti (cods, nrmatricol, nume, grupa, datan) values (1, '8686', 'Stef Vasile Iuniu', '141', null)
insert into studenti (cods, nrmatricol, nume, grupa, datan) values (2, '8687', 'Aflat Raluca Ioana', '232', null)
insert into studenti (cods, nrmatricol, nume, grupa, datan) values (5, '8688', 'Andrasoni Sebastian Victor', '234', null)
insert into studenti (cods, nrmatricol, nume, grupa, datan) values (2, '8689', 'Babai Lucian Mihail', '222', null)
insert into studenti (cods, nrmatricol, nume, grupa, datan) values (2, '8690', 'Bancos George Vasiliu', '231', null)
insert into studenti (cods, nrmatricol, nume, grupa, datan) values (5, '8692', 'Bocutiu Stefan', '234', null)
insert into studenti (cods, nrmatricol, nume, grupa, datan) values (2, '8693', 'Bortes Maria-Lucretia', '232', null)
insert into studenti (cods, nrmatricol, nume, grupa, datan) values (5, '8694', 'Busu Gabriela', '234', null)
insert into studenti (cods, nrmatricol, nume, grupa, datan) values (2, '8708', 'Duca Diana-Bianca', '231', null)
insert into studenti (cods, nrmatricol, nume, grupa, datan) values (2, '8709', 'Echim Traian Nicolae', '232', null)
insert into studenti (cods, nrmatricol, nume, grupa, datan) values (2, '8711', 'Faur Vlad Ionut', '231', null)
insert into studenti (cods, nrmatricol, nume, grupa, datan) values (2, '8712', 'Fedorovici Adrian', '231', null)
insert into studenti (cods, nrmatricol, nume, grupa, datan) values (2, '8713', 'Filip Lucian', '231', null)
insert into studenti (cods, nrmatricol, nume, grupa, datan) values (5, '8714', 'Gafitescu Razvan Constantin', '234', null)
insert into studenti (cods, nrmatricol, nume, grupa, datan) values (5, '8716', 'Gavriletea Vlad', '234', null)
insert into studenti (cods, nrmatricol, nume, grupa, datan) values (2, '8718', 'Ileana Ciprian Ioan', '231', null)
insert into studenti (cods, nrmatricol, nume, grupa, datan) values (5, '8719', 'Ipate Emilia', '234', null)
insert into studenti (cods, nrmatricol, nume, grupa, datan) values (2, '8720', 'Jureschi Vasile-Constantin', '231', null)
insert into studenti (cods, nrmatricol, nume, grupa, datan) values (2, '8721', 'Kintzel Levente', '231', null)
insert into studenti (cods, nrmatricol, nume, grupa, datan) values (2, '8723', 'Lazar Dan Ioan', '232', null)
insert into studenti (cods, nrmatricol, nume, grupa, datan) values (2, '8724', 'Lazar Elena-Andreea', '231', null)
insert into studenti (cods, nrmatricol, nume, grupa, datan) values (2, '8725', 'Marcu Adrian', '231', null)
insert into studenti (cods, nrmatricol, nume, grupa, datan) values (2, '8727', 'Mastan Adriana Nadia', '232', null)
insert into studenti (cods, nrmatricol, nume, grupa, datan) values (2, '8728', 'Miclea Lavinia Diana', '231', null)
insert into studenti (cods, nrmatricol, nume, grupa, datan) values (2, '8730', 'Miholca Cristian-Claudiu', '231', null)
insert into studenti (cods, nrmatricol, nume, grupa, datan) values (2, '8731', 'Minoiu Camelia-Elena', '232', null)
insert into studenti (cods, nrmatricol, nume, grupa, datan) values (2, '8732', 'Miron Alina Dia', '232', null)
insert into studenti (cods, nrmatricol, nume, grupa, datan) values (2, '8733', 'Nadas Vasile-Ciprian', '232', null)
insert into studenti (cods, nrmatricol, nume, grupa, datan) values (2, '8735', 'Nicula Alexandru-Bogdan', '231', null)
insert into studenti (cods, nrmatricol, nume, grupa, datan) values (2, '8737', 'Oatu Mirela-Nicoleta', '232', null)
insert into studenti (cods, nrmatricol, nume, grupa, datan) values (2, '8762', 'Virtic Mircea Lucian', '231', null)
insert into studenti (cods, nrmatricol, nume, grupa, datan) values (2, '8764', 'Balaj Horia Dan', '211', null)
insert into studenti (cods, nrmatricol, nume, grupa, datan) values (5, '8767', 'Boboc Horatiu Adrian', '234', null)
insert into studenti (cods, nrmatricol, nume, grupa, datan) values (2, '8769', 'Borsan Daniel', '232', null)
insert into studenti (cods, nrmatricol, nume, grupa, datan) values (5, '8790', 'Dragomir Eva-Maria', '234', null)
insert into studenti (cods, nrmatricol, nume, grupa, datan) values (2, '8791', 'Dunca Petru Stefan', '232', null)
insert into studenti (cods, nrmatricol, nume, grupa, datan) values (2, '8793', 'Ferenczi-Tarta Silviu-Sever', '224', null)
insert into studenti (cods, nrmatricol, nume, grupa, datan) values (5, '8795', 'Frent Dorin-Pamfil', '234', null)
insert into studenti (cods, nrmatricol, nume, grupa, datan) values (2, '8798', 'Gaja Andonis-Vasile', '233', null)
insert into studenti (cods, nrmatricol, nume, grupa, datan) values (2, '8799', 'Gavrilut Cristian', '233', null)
insert into studenti (cods, nrmatricol, nume, grupa, datan) values (2, '8801', 'Ghiurau Liviu-Beniamin', '233', null)
insert into studenti (cods, nrmatricol, nume, grupa, datan) values (2, '8804', 'Hangea Raul', '223', null)
insert into studenti (cods, nrmatricol, nume, grupa, datan) values (2, '8805', 'Horon Daniel', '235', null)
insert into studenti (cods, nrmatricol, nume, grupa, datan) values (5, '8809', 'Lador Ancuta-Florina', '234', null)
insert into studenti (cods, nrmatricol, nume, grupa, datan) values (2, '8810', 'Lakatos Cristina', '233', null)
insert into studenti (cods, nrmatricol, nume, grupa, datan) values (2, '8814', 'Lar Mircea Cristian', '235', null)
insert into studenti (cods, nrmatricol, nume, grupa, datan) values (2, '8815', 'Latiu Raul Mircea', '233', null)
insert into studenti (cods, nrmatricol, nume, grupa, datan) values (2, '8816', 'Lubinschi Adriana-Nicoleta', '232', null)
insert into studenti (cods, nrmatricol, nume, grupa, datan) values (2, '8817', 'Lungu Nadia Teodora', '235', null)
insert into studenti (cods, nrmatricol, nume, grupa, datan) values (2, '8818', 'Macarie Remus', '233', null)
insert into studenti (cods, nrmatricol, nume, grupa, datan) values (2, '8821', 'Marian Aurelian Nicolae', '233', null)
insert into studenti (cods, nrmatricol, nume, grupa, datan) values (2, '8822', 'Mates David Gheorghe', '235', null)
insert into studenti (cods, nrmatricol, nume, grupa, datan) values (2, '8823', 'Micle Valer Ioan', '235', null)
insert into studenti (cods, nrmatricol, nume, grupa, datan) values (2, '8824', 'Moldovan Corina Eredenta', '235', null)
insert into studenti (cods, nrmatricol, nume, grupa, datan) values (2, '8825', 'Moldovan Virginia-Alina', '233', null)
insert into studenti (cods, nrmatricol, nume, grupa, datan) values (2, '8828', 'Moroianu Alice Elena', '235', null)
insert into studenti (cods, nrmatricol, nume, grupa, datan) values (5, '8829', 'Muntean Ligia Maria', '234', null)
insert into studenti (cods, nrmatricol, nume, grupa, datan) values (2, '8830', 'Muresan Horatiu', '233', null)
insert into studenti (cods, nrmatricol, nume, grupa, datan) values (2, '8832', 'Musetescu Mircea', '235', null)
insert into studenti (cods, nrmatricol, nume, grupa, datan) values (2, '8834', 'Oltean Rares-Andrei', '233', null)
insert into studenti (cods, nrmatricol, nume, grupa, datan) values (2, '8835', 'Oprean George', '222', null)
insert into studenti (cods, nrmatricol, nume, grupa, datan) values (2, '8836', 'Paduraru Ovidiu Marian', '225', null)
insert into studenti (cods, nrmatricol, nume, grupa, datan) values (5, '8841', 'Popa Horea', '234', null)
insert into studenti (cods, nrmatricol, nume, grupa, datan) values (5, '8842', 'Roman Mihai', '234', null)
insert into studenti (cods, nrmatricol, nume, grupa, datan) values (2, '8844', 'Rosian Alin Mircea', '225', null)
insert into studenti (cods, nrmatricol, nume, grupa, datan) values (2, '8845', 'Rus Vasile-Ciprian', '233', null)
insert into studenti (cods, nrmatricol, nume, grupa, datan) values (2, '8848', 'Secasiu Horatiu', '233', null)
insert into studenti (cods, nrmatricol, nume, grupa, datan) values (2, '8857', 'Timofte Vlad Adrian', '233', null)
insert into studenti (cods, nrmatricol, nume, grupa, datan) values (2, '8862', 'Vesa Mircea', '233', null)
insert into studenti (cods, nrmatricol, nume, grupa, datan) values (2, '8863', 'Vescan Sergiu-Nicolae', '232', null)
insert into studenti (cods, nrmatricol, nume, grupa, datan) values (2, '8864', 'Voicu Gabriel-Dumitru', '233', null)
insert into studenti (cods, nrmatricol, nume, grupa, datan) values (2, '8865', 'Zepciuc Iulia-Reghina', '223', null)
insert into studenti (cods, nrmatricol, nume, grupa, datan) values (2, '8878', 'Sincelean Anca', '242', null)
insert into studenti (cods, nrmatricol, nume, grupa, datan) values (2, '8886', 'Saitis Tamara', '235', null)
insert into studenti (cods, nrmatricol, nume, grupa, datan) values (2, '8890', 'Bercea  Petru-Konrad', '213', null)
insert into studenti (cods, nrmatricol, nume, grupa, datan) values (2, '8896', 'Buzea  Marius-Ioan', '222', null)
insert into studenti (cods, nrmatricol, nume, grupa, datan) values (2, '8900', 'Ciorba  Mircea', '222', null)
insert into studenti (cods, nrmatricol, nume, grupa, datan) values (2, '8902', 'Comsa  Daniel-Ioan', '222', null)
insert into studenti (cods, nrmatricol, nume, grupa, datan) values (2, '8903', 'Cuc  Petru', '212', null)
insert into studenti (cods, nrmatricol, nume, grupa, datan) values (2, '8905', 'Deusan  Dan-Mihai', '222', null)
insert into studenti (cods, nrmatricol, nume, grupa, datan) values (2, '8906', 'Diaconu  Elena', '222', null)
insert into studenti (cods, nrmatricol, nume, grupa, datan) values (2, '8907', 'Farcas  Ionut-Ciprian', '211', null)
insert into studenti (cods, nrmatricol, nume, grupa, datan) values (2, '8908', 'Gherman  Lidia-Tabita', '222', null)
insert into studenti (cods, nrmatricol, nume, grupa, datan) values (2, '8912', 'Kulcsar  Mihai', '222', null)
insert into studenti (cods, nrmatricol, nume, grupa, datan) values (2, '8917', 'Mitrea  Cristina-Florentina', '222', null)
insert into studenti (cods, nrmatricol, nume, grupa, datan) values (2, '8919', 'Mogosan  Silvia-Sorana', '222', null)
insert into studenti (cods, nrmatricol, nume, grupa, datan) values (2, '8920', 'Molnar  Radu-Iulian', '222', null)
insert into studenti (cods, nrmatricol, nume, grupa, datan) values (2, '8926', 'Opris  Octavian', '222', null)
insert into studenti (cods, nrmatricol, nume, grupa, datan) values (2, '8930', 'Popa  Raluca', '222', null)
insert into studenti (cods, nrmatricol, nume, grupa, datan) values (2, '8931', 'Rusen  Lucian', '222', null)
insert into studenti (cods, nrmatricol, nume, grupa, datan) values (2, '8938', 'Totea  Ana-Maria', '222', null)
insert into studenti (cods, nrmatricol, nume, grupa, datan) values (2, '8942', 'Varvari  Pavel', '222', null)
insert into studenti (cods, nrmatricol, nume, grupa, datan) values (2, '8945', 'Boldorea Emanuela', '225', null)
insert into studenti (cods, nrmatricol, nume, grupa, datan) values (2, '8948', 'Balasa  Adina-Dalia', '214', null)
insert into studenti (cods, nrmatricol, nume, grupa, datan) values (2, '8953', 'Ban Aurel-Jan', '215', null)
insert into studenti (cods, nrmatricol, nume, grupa, datan) values (2, '8954', 'Ban  Ioan-Rares', '213', null)
insert into studenti (cods, nrmatricol, nume, grupa, datan) values (5, '8956', 'Balaita  Catalin', '234', null)
insert into studenti (cods, nrmatricol, nume, grupa, datan) values (2, '8957', 'Bercean  Vlad-Sorin', '213', null)
insert into studenti (cods, nrmatricol, nume, grupa, datan) values (2, '8958', 'Bereteu  Liviu-Mircea', '213', null)
insert into studenti (cods, nrmatricol, nume, grupa, datan) values (2, '8961', 'Bodea  Mariana-Delia', '223', null)
insert into studenti (cods, nrmatricol, nume, grupa, datan) values (2, '8968', 'Chiorean  Radu-Viorel', '223', null)
insert into studenti (cods, nrmatricol, nume, grupa, datan) values (2, '8969', 'Cifor  Tiberiu Vasile', '232', null)
insert into studenti (cods, nrmatricol, nume, grupa, datan) values (2, '8970', 'Cioca  Adela-Tatiana', '222', null)
insert into studenti (cods, nrmatricol, nume, grupa, datan) values (2, '8975', 'Cosoveanu  Mihai', '224', null)
insert into studenti (cods, nrmatricol, nume, grupa, datan) values (2, '8977', 'Criste  Septimiu', '224', null)
insert into studenti (cods, nrmatricol, nume, grupa, datan) values (2, '8978', 'Cristian  Florin', '224', null)
insert into studenti (cods, nrmatricol, nume, grupa, datan) values (2, '8979', 'Crisan  Romulus-Vasile', '224', null)
insert into studenti (cods, nrmatricol, nume, grupa, datan) values (2, '8980', 'Csalanosi  Csilla-Agnes', '224', null)
insert into studenti (cods, nrmatricol, nume, grupa, datan) values (2, '8981', 'Csoregi  Stefan-Nicolae', '224', null)
insert into studenti (cods, nrmatricol, nume, grupa, datan) values (2, '8982', 'Curtuzan  Romulus', '224', null)
insert into studenti (cods, nrmatricol, nume, grupa, datan) values (2, '8984', 'Dale  Maria', '224', null)
insert into studenti (cods, nrmatricol, nume, grupa, datan) values (2, '8985', 'Dancu  Adrian', '224', null)
insert into studenti (cods, nrmatricol, nume, grupa, datan) values (2, '8986', 'Denes Livia', '225', null)
insert into studenti (cods, nrmatricol, nume, grupa, datan) values (2, '8988', 'Duhanes  Dan-Sebastian', '224', null)
insert into studenti (cods, nrmatricol, nume, grupa, datan) values (4, '9', 'Gui Raluca-Ioana', '132', null)
insert into studenti (cods, nrmatricol, nume, grupa, datan) values (2, '9003', 'Horodnic  Cosmina-Larisa', '224', null)
insert into studenti (cods, nrmatricol, nume, grupa, datan) values (2, '9004', 'Iacob  Gabriela', '224', null)
insert into studenti (cods, nrmatricol, nume, grupa, datan) values (2, '9006', 'Ilies  Cristian-Dumitru', '225', null)
insert into studenti (cods, nrmatricol, nume, grupa, datan) values (2, '9007', 'Ionas  Adina-Dana', '225', null)
insert into studenti (cods, nrmatricol, nume, grupa, datan) values (2, '9008', 'Irimie  Anca', '225', null)
insert into studenti (cods, nrmatricol, nume, grupa, datan) values (2, '9013', 'Macoviciuc  Monica', '222', null)
insert into studenti (cods, nrmatricol, nume, grupa, datan) values (2, '9017', 'Mandrutiu  Adrian-Calin', '213', null)
insert into studenti (cods, nrmatricol, nume, grupa, datan) values (2, '9024', 'Meghesan  Ovidiu-Cristian', '225', null)
insert into studenti (cods, nrmatricol, nume, grupa, datan) values (2, '9027', 'Mihali  Vasile', '225', null)
insert into studenti (cods, nrmatricol, nume, grupa, datan) values (2, '9028', 'Mironescu  Stefan-Razvan', '225', null)
insert into studenti (cods, nrmatricol, nume, grupa, datan) values (2, '9029', 'Mocan  Alina', '225', null)
insert into studenti (cods, nrmatricol, nume, grupa, datan) values (2, '9031', 'Morar  Mihaela', '225', null)
insert into studenti (cods, nrmatricol, nume, grupa, datan) values (2, '9050', 'Pop  Aurica-Claudia', '225', null)
insert into studenti (cods, nrmatricol, nume, grupa, datan) values (2, '9061', 'Rus Alexandru-Darius', '224', null)
insert into studenti (cods, nrmatricol, nume, grupa, datan) values (2, '9085', 'Vili  Alina-Marinela', '224', null)
insert into studenti (cods, nrmatricol, nume, grupa, datan) values (1, '9089', 'Baciu  Cristina-Mihaela', '112', null)
insert into studenti (cods, nrmatricol, nume, grupa, datan) values (1, '9090', 'Blaj  Andra-Iuliana', '121', null)
insert into studenti (cods, nrmatricol, nume, grupa, datan) values (1, '9093', 'Chira  Delia-Raluca', '121', null)
insert into studenti (cods, nrmatricol, nume, grupa, datan) values (1, '9094', 'Chis  Fineas-Ioan', '121', null)
insert into studenti (cods, nrmatricol, nume, grupa, datan) values (1, '9098', 'Daraban  Gheorghe-Ciprian', '121', null)
insert into studenti (cods, nrmatricol, nume, grupa, datan) values (1, '9100', 'Donea  Tony-Dan', '121', null)
insert into studenti (cods, nrmatricol, nume, grupa, datan) values (1, '9105', 'Muntean  Alexandra-Silvia', '121', null)
insert into studenti (cods, nrmatricol, nume, grupa, datan) values (1, '9109', 'Pop  Anda-Mirela', '121', null)
insert into studenti (cods, nrmatricol, nume, grupa, datan) values (1, '9110', 'Porutiu  Roxana-Maria', '121', null)
insert into studenti (cods, nrmatricol, nume, grupa, datan) values (1, '9115', 'Tiplea  Carmen-Oana', '121', null)
insert into studenti (cods, nrmatricol, nume, grupa, datan) values (1, '9117', 'Damian  Alexandra', '131', null)
insert into studenti (cods, nrmatricol, nume, grupa, datan) values (1, '9118', 'Ghirean  Anca-Raluca', '131', null)
insert into studenti (cods, nrmatricol, nume, grupa, datan) values (1, '9119', 'Schuster  Oana-Anamaria', '111', null)
insert into studenti (cods, nrmatricol, nume, grupa, datan) values (1, '9121', 'Tamas  Ovidiu', '121', null)
insert into studenti (cods, nrmatricol, nume, grupa, datan) values (1, '9122', 'Danciu  Zenovia-Delia', '121', null)
insert into studenti (cods, nrmatricol, nume, grupa, datan) values (2, '9127', 'Duma Alexandru Mihai', '235', null)
insert into studenti (cods, nrmatricol, nume, grupa, datan) values (2, '9130', 'Daian Gheorghe-Aurelian', '242', null)
insert into studenti (cods, nrmatricol, nume, grupa, datan) values (2, '9132', 'Dorutiu Doriana-Lucia', '235', null)
insert into studenti (cods, nrmatricol, nume, grupa, datan) values (2, '9133', 'Stuparu Laurentiu Florin', '243', null)
insert into studenti (cods, nrmatricol, nume, grupa, datan) values (5, '9136', 'Alb Diana-Carmen', '112', null)
insert into studenti (cods, nrmatricol, nume, grupa, datan) values (1, '9139', 'Bodea Anamaria', '111', null)
insert into studenti (cods, nrmatricol, nume, grupa, datan) values (1, '9143', 'Codrea Adriana-Ioana', '111', null)
insert into studenti (cods, nrmatricol, nume, grupa, datan) values (1, '9150', 'Iobagel Anamaria-Mirela', '111', null)
insert into studenti (cods, nrmatricol, nume, grupa, datan) values (1, '9159', 'Negru Ciprian-Florin', '112', null)
insert into studenti (cods, nrmatricol, nume, grupa, datan) values (1, '9164', 'Pop Miruna Mihaela', '111', null)
insert into studenti (cods, nrmatricol, nume, grupa, datan) values (1, '9165', 'Radu Bogdan', '111', null)
insert into studenti (cods, nrmatricol, nume, grupa, datan) values (1, '9166', 'Rusu Ioana', '112', null)
insert into studenti (cods, nrmatricol, nume, grupa, datan) values (1, '9168', 'Sabau Nicoleta-Mihaela', '112', null)
insert into studenti (cods, nrmatricol, nume, grupa, datan) values (1, '9171', 'Suciu Mircea-Adrian', '112', null)
insert into studenti (cods, nrmatricol, nume, grupa, datan) values (1, '9174', 'Vlaic Dafina', '111', null)
insert into studenti (cods, nrmatricol, nume, grupa, datan) values (1, '9176', 'Turdean Anamaria-Dorina', '121', null)
insert into studenti (cods, nrmatricol, nume, grupa, datan) values (1, '9177', 'Banici Simona Stefania', '131', null)
insert into studenti (cods, nrmatricol, nume, grupa, datan) values (2, '9179', 'Alexandrescu Ciprian-Laurus', '213', null)
insert into studenti (cods, nrmatricol, nume, grupa, datan) values (2, '9180', 'Andreica Andrada-Raluca', '213', null)
insert into studenti (cods, nrmatricol, nume, grupa, datan) values (2, '9181', 'Andreica Marius', '213', null)
insert into studenti (cods, nrmatricol, nume, grupa, datan) values (2, '9183', 'Anghel Cristian-Antoniu-I', '213', null)
insert into studenti (cods, nrmatricol, nume, grupa, datan) values (2, '9188', 'Baraian Marius-Ioan', '213', null)
insert into studenti (cods, nrmatricol, nume, grupa, datan) values (2, '9191', 'Berari Cristian-Florin', '213', null)
insert into studenti (cods, nrmatricol, nume, grupa, datan) values (2, '9193', 'Bitis Danut-Cozmin', '213', null)
insert into studenti (cods, nrmatricol, nume, grupa, datan) values (2, '9195', 'Blaga Cristian-Nicolae', '213', null)
insert into studenti (cods, nrmatricol, nume, grupa, datan) values (2, '9196', 'Boanca Anamaria', '213', null)
insert into studenti (cods, nrmatricol, nume, grupa, datan) values (2, '9198', 'Bodog Mircea', '213', null)
insert into studenti (cods, nrmatricol, nume, grupa, datan) values (2, '9201', 'Bozga Marius-Dan', '213', null)
insert into studenti (cods, nrmatricol, nume, grupa, datan) values (2, '9202', 'Bud Iulian-Ilie', '213', null)
insert into studenti (cods, nrmatricol, nume, grupa, datan) values (2, '9203', 'Butu Sebastian', '213', null)
insert into studenti (cods, nrmatricol, nume, grupa, datan) values (2, '9204', 'Calburean Cristina', '213', null)
insert into studenti (cods, nrmatricol, nume, grupa, datan) values (2, '9205', 'Campean Daniela', '213', null)
insert into studenti (cods, nrmatricol, nume, grupa, datan) values (2, '9206', 'Canta Sebastian-Alexandru', '213', null)
insert into studenti (cods, nrmatricol, nume, grupa, datan) values (2, '9207', 'Carean Alexandra-Alina', '213', null)
insert into studenti (cods, nrmatricol, nume, grupa, datan) values (2, '9208', 'Catinas Marcel', '213', null)
insert into studenti (cods, nrmatricol, nume, grupa, datan) values (2, '9209', 'Cenghia Mircea', '213', null)
insert into studenti (cods, nrmatricol, nume, grupa, datan) values (2, '9210', 'Cernea Andreea-Elena', '213', null)
insert into studenti (cods, nrmatricol, nume, grupa, datan) values (2, '9211', 'Chertes Alina-Monica', '213', null)
insert into studenti (cods, nrmatricol, nume, grupa, datan) values (2, '9212', 'Cheudan Adrian-Ioan', '213', null)
insert into studenti (cods, nrmatricol, nume, grupa, datan) values (2, '9216', 'Cimpan George-Andrei', '214', null)
insert into studenti (cods, nrmatricol, nume, grupa, datan) values (2, '9217', 'Cocis Sebastian-Dragos', '214', null)
insert into studenti (cods, nrmatricol, nume, grupa, datan) values (2, '9219', 'Coptil Bogdan-Ioan', '214', null)
insert into studenti (cods, nrmatricol, nume, grupa, datan) values (2, '9220', 'Cosma Andrei-Ion', '214', null)
insert into studenti (cods, nrmatricol, nume, grupa, datan) values (2, '9221', 'Craciun Ciprian-Dorin', '211', null)
insert into studenti (cods, nrmatricol, nume, grupa, datan) values (2, '9225', 'Cristea Anca-Diana', '211', null)
insert into studenti (cods, nrmatricol, nume, grupa, datan) values (2, '9227', 'Cuc Ciprian-Ionel', '214', null)
insert into studenti (cods, nrmatricol, nume, grupa, datan) values (2, '9228', 'Dancila Dumitru', '214', null)
insert into studenti (cods, nrmatricol, nume, grupa, datan) values (2, '9229', 'Daniluc Andrei', '214', null)
insert into studenti (cods, nrmatricol, nume, grupa, datan) values (2, '9231', 'Dobocan Florin-Constantin', '214', null)
insert into studenti (cods, nrmatricol, nume, grupa, datan) values (2, '9246', 'Gavrea Vasile-Cosmin', '214', null)
insert into studenti (cods, nrmatricol, nume, grupa, datan) values (2, '9247', 'Gherman Oana-Alina', '215', null)
insert into studenti (cods, nrmatricol, nume, grupa, datan) values (2, '9250', 'Gruber Alexandru', '214', null)
insert into studenti (cods, nrmatricol, nume, grupa, datan) values (2, '9252', 'Hidan Vasile-Ionut', '214', null)
insert into studenti (cods, nrmatricol, nume, grupa, datan) values (2, '9253', 'Hodja Laura-Alina', '214', null)
insert into studenti (cods, nrmatricol, nume, grupa, datan) values (2, '9258', 'Isac Ioana-Corina', '211', null)
insert into studenti (cods, nrmatricol, nume, grupa, datan) values (2, '9259', 'Lazar Paul-Daniel', '211', null)
insert into studenti (cods, nrmatricol, nume, grupa, datan) values (2, '9260', 'Leoveanu Vasile-Cosmin', '211', null)
insert into studenti (cods, nrmatricol, nume, grupa, datan) values (2, '9262', 'Luca Adrian-Augustin', '215', null)
insert into studenti (cods, nrmatricol, nume, grupa, datan) values (2, '9265', 'Macarie Roxana-Maria', '211', null)
insert into studenti (cods, nrmatricol, nume, grupa, datan) values (2, '9266', 'Maierean Vasile-Doru', '215', null)
insert into studenti (cods, nrmatricol, nume, grupa, datan) values (2, '9268', 'Marginean Petruta-Adriana', '215', null)
insert into studenti (cods, nrmatricol, nume, grupa, datan) values (2, '9269', 'Marian Mihai-Sorin', '215', null)
insert into studenti (cods, nrmatricol, nume, grupa, datan) values (2, '9270', 'Marin Gabriel-Alin', '233', null)
insert into studenti (cods, nrmatricol, nume, grupa, datan) values (2, '9271', 'Maris Dorel', '215', null)
insert into studenti (cods, nrmatricol, nume, grupa, datan) values (2, '9272', 'Mate Lucian', '215', null)
insert into studenti (cods, nrmatricol, nume, grupa, datan) values (2, '9274', 'Mereuta Vlad-Calin', '215', null)
insert into studenti (cods, nrmatricol, nume, grupa, datan) values (2, '9275', 'Micu Ofelia-Emanuela', '215', null)
insert into studenti (cods, nrmatricol, nume, grupa, datan) values (2, '9276', 'Militaru Nicoleta', '212', null)
insert into studenti (cods, nrmatricol, nume, grupa, datan) values (2, '9277', 'Misca Silvia-Maria', '212', null)
insert into studenti (cods, nrmatricol, nume, grupa, datan) values (2, '9278', 'Mitre Dan', '215', null)
insert into studenti (cods, nrmatricol, nume, grupa, datan) values (2, '9279', 'Moldovan Adela-Monica', '212', null)
insert into studenti (cods, nrmatricol, nume, grupa, datan) values (2, '9284', 'Nagy Agnes-Krisztina', '215', null)
insert into studenti (cods, nrmatricol, nume, grupa, datan) values (2, '9285', 'Neamt Anamaria-Liana', '215', null)
insert into studenti (cods, nrmatricol, nume, grupa, datan) values (2, '9287', 'Nemes Cristina-Ioana', '215', null)
insert into studenti (cods, nrmatricol, nume, grupa, datan) values (2, '9290', 'Nemes Vlad', '215', null)
insert into studenti (cods, nrmatricol, nume, grupa, datan) values (2, '9291', 'Nicora Andrei-Sergiu', '215', null)
insert into studenti (cods, nrmatricol, nume, grupa, datan) values (2, '9293', 'Oltean Maria', '212', null)
insert into studenti (cods, nrmatricol, nume, grupa, datan) values (2, '9295', 'Panut Vlad', '211', null)
insert into studenti (cods, nrmatricol, nume, grupa, datan) values (5, '9297', 'Pasca Marius-Dorin', '215', null)
insert into studenti (cods, nrmatricol, nume, grupa, datan) values (2, '9300', 'Plotean Vladimir', '211', null)
insert into studenti (cods, nrmatricol, nume, grupa, datan) values (2, '9301', 'Podea Lenuta', '212', null)
insert into studenti (cods, nrmatricol, nume, grupa, datan) values (2, '9304', 'Pop Cristina', '215', null)
insert into studenti (cods, nrmatricol, nume, grupa, datan) values (2, '9305', 'Pop Marius-Mihai', '212', null)
insert into studenti (cods, nrmatricol, nume, grupa, datan) values (2, '9306', 'Pop Sorin', '211', null)
insert into studenti (cods, nrmatricol, nume, grupa, datan) values (2, '9308', 'Popa Lucian', '212', null)
insert into studenti (cods, nrmatricol, nume, grupa, datan) values (2, '9312', 'Popescu Marius-Adrian', '212', null)
insert into studenti (cods, nrmatricol, nume, grupa, datan) values (2, '9317', 'Ranta Flaviu-Daniel', '212', null)
insert into studenti (cods, nrmatricol, nume, grupa, datan) values (2, '9320', 'Rentea Daniel-Nicolae', '211', null)
insert into studenti (cods, nrmatricol, nume, grupa, datan) values (2, '9326', 'Sana Cristian-Paul', '213', null)
insert into studenti (cods, nrmatricol, nume, grupa, datan) values (2, '9329', 'Sotropa Veronica-Alina', '211', null)
insert into studenti (cods, nrmatricol, nume, grupa, datan) values (2, '9332', 'Suba Ana-Florina', '212', null)
insert into studenti (cods, nrmatricol, nume, grupa, datan) values (2, '9334', 'Suta Ovidiu-Gabriel', '212', null)
insert into studenti (cods, nrmatricol, nume, grupa, datan) values (2, '9336', 'Tantas Cosmin-George', '212', null)
insert into studenti (cods, nrmatricol, nume, grupa, datan) values (2, '9341', 'Ticudean Manuela-Maria', '212', null)
insert into studenti (cods, nrmatricol, nume, grupa, datan) values (2, '9343', 'Trif Ancuta-Elena', '212', null)
insert into studenti (cods, nrmatricol, nume, grupa, datan) values (2, '9346', 'Ungureanu Alexandru', '212', null)
insert into studenti (cods, nrmatricol, nume, grupa, datan) values (2, '9347', 'Urda Anca-Diana', '212', null)
insert into studenti (cods, nrmatricol, nume, grupa, datan) values (2, '9348', 'Vanciu Laurentiu-Radu', '211', null)
insert into studenti (cods, nrmatricol, nume, grupa, datan) values (2, '9351', 'Vlad Anca-Liana', '212', null)
insert into studenti (cods, nrmatricol, nume, grupa, datan) values (2, '9352', 'Voichita Calin', '211', null)
insert into studenti (cods, nrmatricol, nume, grupa, datan) values (2, '9359', 'Coros Florin-Stefan', '222', null)
insert into studenti (cods, nrmatricol, nume, grupa, datan) values (2, '9362', 'Mich Daniela', '223', null)
insert into studenti (cods, nrmatricol, nume, grupa, datan) values (2, '9365', 'Popa Dan-Corneliu', '223', null)
insert into studenti (cods, nrmatricol, nume, grupa, datan) values (2, '9367', 'Roman Cosmin Ioan', '233', null)
insert into studenti (cods, nrmatricol, nume, grupa, datan) values (2, '9368', 'Rusu-Scurtu Adrian', '224', null)
insert into studenti (cods, nrmatricol, nume, grupa, datan) values (1, '9376', 'Ibanisteanu  Flavius', '112', null)
insert into studenti (cods, nrmatricol, nume, grupa, datan) values (5, '9382', 'Groza Dan Mircea', '235', null)
insert into studenti (cods, nrmatricol, nume, grupa, datan) values (2, '9383', 'Crisan Flavia Andreea', '213', null)
insert into studenti (cods, nrmatricol, nume, grupa, datan) values (2, '9385', 'Ticle Daniel Ioan', '232', null)
insert into studenti (cods, nrmatricol, nume, grupa, datan) values (1, '9387', 'Balla Mirela Georgeta', '121', null)
insert into studenti (cods, nrmatricol, nume, grupa, datan) values (6, 'C171', 'Cretu Bogdan Grigore', '831', null)
insert into studenti (cods, nrmatricol, nume, grupa, datan) values (6, 'C176', 'Kudor Tamas', '831', null)
insert into studenti (cods, nrmatricol, nume, grupa, datan) values (6, 'C178', 'Pacurar Alina', '831', null)
insert into studenti (cods, nrmatricol, nume, grupa, datan) values (6, 'C179', 'Porumb Emima', '831', null)
insert into studenti (cods, nrmatricol, nume, grupa, datan) values (6, 'C183', 'Spermezan Marius Cristian', '831', null)
insert into studenti (cods, nrmatricol, nume, grupa, datan) values (6, 'C184', 'Biji Sorin-Cristian', '831', null)
insert into studenti (cods, nrmatricol, nume, grupa, datan) values (6, 'C186', 'Campean Carmen', '831', null)
 
insert into rezultate (nrmatricol, disciplina, nota) values ('8687', 'MA001', 9.00)
insert into rezultate (nrmatricol, disciplina, nota) values ('8687', 'MG003', 10.00)
insert into rezultate (nrmatricol, disciplina, nota) values ('9136', 'MI074', 9.00)
insert into rezultate (nrmatricol, disciplina, nota) values ('9179', 'MI074', 5.00)
insert into rezultate (nrmatricol, disciplina, nota) values ('8481', 'MA001', 7.00)
insert into rezultate (nrmatricol, disciplina, nota) values ('8482', 'MA005', 8.00)
insert into rezultate (nrmatricol, disciplina, nota) values ('8688', 'MO002', 10.00)
insert into rezultate (nrmatricol, disciplina, nota) values ('9180', 'MI011', 9.00)
insert into rezultate (nrmatricol, disciplina, nota) values ('8533', 'MI011', 10.00)
insert into rezultate (nrmatricol, disciplina, nota) values ('9183', 'MI074', 6.00)
insert into rezultate (nrmatricol, disciplina, nota) values ('525', 'MO001', 8.00)
insert into rezultate (nrmatricol, disciplina, nota) values ('8687', 'MO020', 5.00)
insert into rezultate (nrmatricol, disciplina, nota) values ('8687', 'MI074', 5.00)
insert into rezultate (nrmatricol, disciplina, nota) values ('9136', 'MI074', 8.00)
insert into rezultate (nrmatricol, disciplina, nota) values ('9179', 'MO020', 9.00)
insert into rezultate (nrmatricol, disciplina, nota) values ('8481', 'MG020', 10.00)
insert into rezultate (nrmatricol, disciplina, nota) values ('8482', 'MG020', 10.00)
insert into rezultate (nrmatricol, disciplina, nota) values ('9180', 'MI004', 9.00)
insert into rezultate (nrmatricol, disciplina, nota) values ('9181', 'MI004', 7.00)
insert into rezultate (nrmatricol, disciplina, nota) values ('8533', 'MI011', 8.00)
insert into rezultate (nrmatricol, disciplina, nota) values ('9183', 'MI011', 8.00)
insert into rezultate (nrmatricol, disciplina, nota) values ('525', 'MI006', 9.00)
insert into rezultate (nrmatricol, disciplina, nota) values ('7019', 'MA002', 7.00)
insert into rezultate (nrmatricol, disciplina, nota) values ('7587', 'MA001', 9.00)
insert into rezultate (nrmatricol, disciplina, nota) values ('8043', 'MG001', 7.00)
insert into rezultate (nrmatricol, disciplina, nota) values ('8471', 'MI074', 6.00)
insert into rezultate (nrmatricol, disciplina, nota) values ('8490', 'MI074', 10.00)
insert into rezultate (nrmatricol, disciplina, nota) values ('8490', 'MG020', 9.00)
insert into rezultate (nrmatricol, disciplina, nota) values ('530', 'MA005', 9.00)
insert into rezultate (nrmatricol, disciplina, nota) values ('7255', 'MA001', 8.00)
insert into rezultate (nrmatricol, disciplina, nota) values ('7019', 'MA001', 9.00)
insert into rezultate (nrmatricol, disciplina, nota) values ('7908', 'MA001', 10.00)
insert into rezultate (nrmatricol, disciplina, nota) values ('8074', 'MO001', 8.00)
insert into rezultate (nrmatricol, disciplina, nota) values ('8504', 'MO001', 10.00)
insert into rezultate (nrmatricol, disciplina, nota) values ('9118', 'MA005', 9.00)
insert into rezultate (nrmatricol, disciplina, nota) values ('8650', 'MA005', 6.00)
insert into rezultate (nrmatricol, disciplina, nota) values ('8646', 'MI074', 7.00)
insert into rezultate (nrmatricol, disciplina, nota) values ('9098', 'MI074', 9.00)
insert into rezultate (nrmatricol, disciplina, nota) values ('154', 'MA001', 7.00)
insert into rezultate (nrmatricol, disciplina, nota) values ('180', 'MA001', 9.00)
insert into rezultate (nrmatricol, disciplina, nota) values ('200', 'MI011', 10.00)
insert into rezultate (nrmatricol, disciplina, nota) values ('178', 'MI011', 9.00)
insert into rezultate (nrmatricol, disciplina, nota) values ('8764', 'MA001', 8.00)
insert into rezultate (nrmatricol, disciplina, nota) values ('8764', 'MA002', 9.00)
insert into rezultate (nrmatricol, disciplina, nota) values ('8764', 'MI003', 5.00)
insert into rezultate (nrmatricol, disciplina, nota) values ('7587', 'MI074', 8.00)
insert into rezultate (nrmatricol, disciplina, nota) values ('8650', 'MA002', 8.00)
insert into rezultate (nrmatricol, disciplina, nota) values ('8650', 'MG001', 6.00)
